{"cameraMode":{"drawMode":0,"name":"Shaded","section":"Shading Mode"},"sceneLighting":false,"audioPlay":false,"sceneViewState":{"m_AlwaysRefresh":false,"showFog":true,"showSkybox":false,"showFlares":true,"showImageEffects":true,"showParticleSystems":true,"showVisualEffectGraphs":true,"m_FxEnabled":false},"in2DMode":false,"pivot":{"x":0.23195409774780274,"y":0.9583926200866699,"z":-0.718292236328125},"rotation":{"x":0.22222168743610383,"y":0.22432348132133485,"z":-0.05261757969856262,"w":0.9473827481269836},"size":3.357454299926758,"orthographic":true}