{"cameraMode":{"drawMode":0,"name":"Shaded","section":"Shading Mode"},"sceneLighting":true,"audioPlay":false,"sceneViewState":{"m_AlwaysRefresh":false,"showFog":true,"showSkybox":true,"showFlares":true,"showImageEffects":true,"showParticleSystems":true,"showVisualEffectGraphs":true,"m_FxEnabled":false},"in2DMode":false,"pivot":{"x":53.761505126953128,"y":1.6197657585144044,"z":2.8252346515655519},"rotation":{"x":0.22892248630523683,"y":0.39080920815467837,"z":-0.10099679231643677,"w":0.8858144283294678},"size":0.5892707705497742,"orthographic":true}