{"cameraMode":{"drawMode":0,"name":"Shaded","section":"Shading Mode"},"sceneLighting":true,"audioPlay":false,"sceneViewState":{"m_AlwaysRefresh":false,"showFog":true,"showSkybox":true,"showFlares":true,"showImageEffects":true,"showParticleSystems":true,"showVisualEffectGraphs":true,"m_FxEnabled":false},"in2DMode":false,"pivot":{"x":3.9724321365356447,"y":4.067049980163574,"z":-0.1283864974975586},"rotation":{"x":0.16839073598384858,"y":0.4154103994369507,"z":-0.07855658233165741,"w":0.8904600739479065},"size":8.359353065490723,"orthographic":true}